<?xml version="1.0" encoding="UTF-8"?>
<project-private xmlns="http://www.netbeans.org/ns/project-private/1">
    <editor-bookmarks xmlns="http://www.netbeans.org/ns/editor-bookmarks/2" lastBookmarkId="0"/>
    <open-files xmlns="http://www.netbeans.org/ns/projectui-open-files/2">
        <group>
            <file>file:/C:/Users/why3l/Downloads/Payroll_System/src/payroll/system/Architect.java</file>
            <file>file:/C:/Users/why3l/Downloads/Payroll_System/src/payroll/system/Programmer.java</file>
            <file>file:/C:/Users/why3l/Downloads/Payroll_System/src/payroll/system/PayrollSystem.java</file>
            <file>file:/C:/Users/why3l/Downloads/Payroll_System/src/payroll/system/Employee.java</file>
            <file>file:/C:/Users/why3l/Downloads/Payroll_System/src/payroll/system/Engineer.java</file>
            <file>file:/C:/Users/why3l/Downloads/Payroll_System/src/payroll/system/Doctor.java</file>
        </group>
    </open-files>
</project-private>
